-- phpMyAdmin SQL Dump
-- version 5.0.2
-- https://www.phpmyadmin.net/
--
-- Хост: 127.0.0.1:3306
-- Время создания: Май 01 2022 г., 21:49
-- Версия сервера: 10.3.22-MariaDB
-- Версия PHP: 7.3.17

SET SQL_MODE = "NO_AUTO_VALUE_ON_ZERO";
START TRANSACTION;
SET time_zone = "+00:00";


/*!40101 SET @OLD_CHARACTER_SET_CLIENT=@@CHARACTER_SET_CLIENT */;
/*!40101 SET @OLD_CHARACTER_SET_RESULTS=@@CHARACTER_SET_RESULTS */;
/*!40101 SET @OLD_COLLATION_CONNECTION=@@COLLATION_CONNECTION */;
/*!40101 SET NAMES utf8mb4 */;

--
-- База данных: `optimization`
--

-- --------------------------------------------------------

--
-- Структура таблицы `oil`
--

CREATE TABLE `oil` (
  `id` int(5) NOT NULL,
  `oil_price` float UNSIGNED NOT NULL
) ENGINE=InnoDB DEFAULT CHARSET=utf8;

--
-- Дамп данных таблицы `oil`
--

INSERT INTO `oil` (`id`, `oil_price`) VALUES
(1, 5100);

-- --------------------------------------------------------

--
-- Структура таблицы `plants`
--

CREATE TABLE `plants` (
  `id` int(11) NOT NULL,
  `plant_name` varchar(100) NOT NULL,
  `oil` double UNSIGNED NOT NULL COMMENT '1 tonna uchun',
  `water` double UNSIGNED NOT NULL COMMENT '1 gektar uchun',
  `worker` double UNSIGNED NOT NULL COMMENT '1 sentner uchun',
  `consusption` double UNSIGNED NOT NULL COMMENT '1 ga uchun xarajat summasi'
) ENGINE=InnoDB DEFAULT CHARSET=utf8;

--
-- Дамп данных таблицы `plants`
--

INSERT INTO `plants` (`id`, `plant_name`, `oil`, `water`, `worker`, `consusption`) VALUES
(1, 'paxta', 104, 8300, 23.399999618530273, 792611),
(2, 'bug‘doy', 39, 7750, 3.299999952316284, 148803),
(3, 'sholi ', 49, 19000, 13, 630026),
(4, 'makkajo‘xori silos', 10, 9200, 0.4000000059604645, 22057),
(5, 'makkajo‘xori don uchun', 57, 10200, 4, 223364),
(6, 'poliz', 17, 8675, 3.200000047683716, 128926),
(7, 'bodring', 20, 11400, 5.900000095367432, 293818),
(8, 'sabzi', 12, 10850, 6.800000190734863, 323143),
(9, 'karam', 12, 9500, 4.199999809265137, 198114),
(10, 'pomidor', 19, 13500, 6.199999809265137, 316042),
(11, 'kartoshka ertagi', 24, 9200, 6.599999904632568, 324677),
(12, 'kartoshka kechki', 13, 12375, 5, 486398),
(13, 'beda', 16, 5700, 0.5, 30754),
(14, 'beda pichan', 36, 3700, 1.100000023841858, 63179),
(15, 'beda senaj', 21, 3700, 1.100000023841858, 63179),
(16, 'bir yillik o‘tlar', 6, 7000, 0.10000000149011612, 8098);

-- --------------------------------------------------------

--
-- Структура таблицы `users`
--

CREATE TABLE `users` (
  `user_id` int(5) NOT NULL,
  `user_login` varchar(100) NOT NULL,
  `user_pass` varchar(255) NOT NULL
) ENGINE=InnoDB DEFAULT CHARSET=utf8;

--
-- Дамп данных таблицы `users`
--

INSERT INTO `users` (`user_id`, `user_login`, `user_pass`) VALUES
(1, 'root', '$2y$10$9WWE/F6NrHvYAWkUXBo/xu0z9UDODZfIGHzmGz5/N0Wkd4/wn02TW'),
(2, 'jasur', '$2y$10$17JQqnkm3fPgJd8hCRnYAu4UUFb2TyQk4cq.9kK.J/NWotgydJtPu'),
(3, 'temp', 'temp'),
(4, 'alisher', '$2y$10$Hufn7nhMyvf4H4x7393eqOASMr5J1JAiCmAxT5.EbQVSqXRGjrpaC'),
(5, 'akrom', '$2y$10$.fWXDRv9G47tAcaVrJ0sRuntWcCsIi1qb/RPhzNSZBKZkxhr8OpRK'),
(7, 'salamat', '$2y$10$ssL2vrQfjLaixRfyakM/GOWLMgYi.lr6TK/dUe/aLsCGViocS60ki');

-- --------------------------------------------------------

--
-- Структура таблицы `user_plants`
--

CREATE TABLE `user_plants` (
  `id` int(11) NOT NULL,
  `plant_id` int(11) NOT NULL,
  `plant_price` double NOT NULL,
  `plant_sentner` double NOT NULL,
  `plant_result_gektar` double NOT NULL,
  `plant_income` double NOT NULL,
  `session_id` varchar(50) NOT NULL,
  `user_id` int(11) NOT NULL,
  `work_date` datetime NOT NULL DEFAULT current_timestamp()
) ENGINE=InnoDB DEFAULT CHARSET=utf8;

--
-- Дамп данных таблицы `user_plants`
--

INSERT INTO `user_plants` (`id`, `plant_id`, `plant_price`, `plant_sentner`, `plant_result_gektar`, `plant_income`, `session_id`, `user_id`, `work_date`) VALUES
(1, 1, 4500, 27, 40, 8577870.3, '61042d9de9453', 4, '2021-07-30'),
(2, 2, 2000, 45, 64.288029620385, 7435336.5, '61042d9de9453', 4, '2021-07-30'),
(3, 3, 4000, 55, 0, 17160407, '61042d9de9453', 4, '2021-07-30'),
(4, 6, 1000, 220, 95.711970379615, 17256228, '61042d9de9453', 4, '2021-07-30'),
(5, 9, 1000, 285, 0, 21109551, '61042d9de9453', 4, '2021-07-30'),
(6, 1, 4500, 27, 20, 8577870.3, '610431593e968', 4, '2021-07-30'),
(7, 2, 2000, 45, 49.749775835574, 7435336.5, '610431593e968', 4, '2021-07-30'),
(8, 3, 4000, 55, 0, 17160407, '610431593e968', 4, '2021-07-30'),
(9, 6, 1000, 220, 75.250224164426, 17256228, '610431593e968', 4, '2021-07-30'),
(10, 8, 1000, 195, 0, 12005311.5, '610431593e968', 4, '2021-07-30'),
(11, 10, 2000, 95, 0, 15077051, '610431593e968', 4, '2021-07-30'),
(12, 1, 4500, 27, 12, 8577870.3, '610431a65b860', 4, '2021-07-30'),
(13, 2, 2000, 45, 12, 7435336.5, '610431a65b860', 4, '2021-07-30'),
(14, 3, 4000, 55, 0, 17160407, '610431a65b860', 4, '2021-07-30'),
(15, 6, 1000, 220, 0, 17256228, '610431a65b860', 4, '2021-07-30'),
(16, 9, 1000, 285, 99, 21109551, '610431a65b860', 4, '2021-07-30'),
(17, 10, 1500, 95, 0, 10327051, '610431a65b860', 4, '2021-07-30'),
(18, 1, 4500, 27, 3, 8577870.3, '61044b868259e', 5, '2021-07-30'),
(19, 2, 2000, 45, 20.924212777225, 7435336.5, '61044b868259e', 5, '2021-07-30'),
(20, 3, 4000, 55, 0, 17160407, '61044b868259e', 5, '2021-07-30'),
(21, 6, 1000, 220, 26.075787222775, 17256228, '61044b868259e', 5, '2021-07-30'),
(22, 10, 2000, 95, 0, 15077051, '61044b868259e', 5, '2021-07-30'),
(23, 1, 4500, 27, 30, 8577870.3, '610526ed1010b', 3, '2021-07-31'),
(24, 2, 2000, 45, 20, 7435336.5, '610526ed1010b', 3, '2021-07-31'),
(25, 3, 4000, 55, -40.571428571429, 17160407, '610526ed1010b', 3, '2021-07-31'),
(26, 6, 1000, 220, 0, 17256228, '610526ed1010b', 3, '2021-07-31'),
(27, 8, 1000, 195, 0, 12005311.5, '610526ed1010b', 3, '2021-07-31'),
(28, 1, 4500, 27, 0, 8577870.3, '610528cde877b', 3, '2021-07-31'),
(29, 1, 4500, 27, 30, 8577870.3, '610528eb29135', 3, '2021-07-31'),
(30, 2, 2000, 45, 20, 7435336.5, '610528eb29135', 3, '2021-07-31'),
(31, 3, 4000, 55, 0, 17160407, '610528eb29135', 3, '2021-07-31'),
(32, 6, 1000, 220, 50, 17256228, '610528eb29135', 3, '2021-07-31'),
(33, 8, 1000, 195, 0, 12005311.5, '610528eb29135', 3, '2021-07-31'),
(34, 1, 4500, 27, 30, 8577870.3, '6105292a806b5', 3, '2021-07-31'),
(35, 2, 2000, 45, -29.319863662782, 7435336.5, '6105292a806b5', 3, '2021-07-31'),
(36, 3, 4000, 55, 0, 17160407, '6105292a806b5', 3, '2021-07-31'),
(37, 6, 1000, 220, 0, 17256228, '6105292a806b5', 3, '2021-07-31'),
(38, 8, 1000, 195, 0, 12005311.5, '6105292a806b5', 3, '2021-07-31'),
(39, 1, 4500, 27, 30, 8577870.3, '61052a77449b0', 3, '2021-07-31'),
(40, 2, 2000, 45, 20, 7435336.5, '61052a77449b0', 3, '2021-07-31'),
(41, 3, 4000, 55, 0, 17160407, '61052a77449b0', 3, '2021-07-31'),
(42, 6, 1000, 220, -35.273775216138, 17256228, '61052a77449b0', 3, '2021-07-31'),
(43, 8, 1000, 195, 0, 12005311.5, '61052a77449b0', 3, '2021-07-31'),
(44, 1, 4500, 27, 30, 8577870.3, '61055c0659b34', 3, '2021-07-31'),
(45, 2, 2000, 45, 20, 7435336.5, '61055c0659b34', 3, '2021-07-31'),
(46, 3, 4000, 55, 0, 17160407, '61055c0659b34', 3, '2021-07-31'),
(47, 6, 1000, 220, 0, 17256228, '61055c0659b34', 3, '2021-07-31'),
(48, 7, 1500, 180, 50, 19875276, '61055c0659b34', 3, '2021-07-31'),
(49, 8, 1000, 195, 0, 12005311.5, '61055c0659b34', 3, '2021-07-31'),
(50, 1, 4500, 27, 30, 8577870.3, '61055c91ec72f', 3, '2021-07-31'),
(51, 2, 2000, 45, 30, 7435336.5, '61055c91ec72f', 3, '2021-07-31'),
(52, 3, 4000, 55, 0, 17160407, '61055c91ec72f', 3, '2021-07-31'),
(53, 6, 1000, 220, 40, 17256228, '61055c91ec72f', 3, '2021-07-31'),
(54, 8, 1000, 195, 0, 12005311.5, '61055c91ec72f', 3, '2021-07-31'),
(55, 1, 4500, 27, 20, 8577870.3, '61055d173fef1', 3, '2021-07-31'),
(56, 2, 2000, 45, 20, 7435336.5, '61055d173fef1', 3, '2021-07-31'),
(57, 3, 4000, 55, 0, 17160407, '61055d173fef1', 3, '2021-07-31'),
(58, 6, 1000, 220, 60, 17256228, '61055d173fef1', 3, '2021-07-31'),
(59, 8, 1000, 195, 0, 12005311.5, '61055d173fef1', 3, '2021-07-31'),
(60, 1, 4500, 27, 20, 8577870.3, '61055d3c4b5c6', 3, '2021-07-31'),
(61, 2, 2000, 45, 20, 7435336.5, '61055d3c4b5c6', 3, '2021-07-31'),
(62, 3, 4000, 55, 0, 17160407, '61055d3c4b5c6', 3, '2021-07-31'),
(63, 6, 1000, 220, 60, 17256228, '61055d3c4b5c6', 3, '2021-07-31'),
(64, 8, 1000, 195, 0, 12005311.5, '61055d3c4b5c6', 3, '2021-07-31'),
(65, 1, 4500, 27, 20, 8577870.3, '61055d3d55597', 3, '2021-07-31'),
(66, 2, 2000, 45, 20, 7435336.5, '61055d3d55597', 3, '2021-07-31'),
(67, 3, 4000, 55, 0, 17160407, '61055d3d55597', 3, '2021-07-31'),
(68, 6, 1000, 220, 60, 17256228, '61055d3d55597', 3, '2021-07-31'),
(69, 8, 1000, 195, 0, 12005311.5, '61055d3d55597', 3, '2021-07-31'),
(70, 1, 4500, 27, 20, 8577870.3, '61055d3feac17', 3, '2021-07-31'),
(71, 2, 2000, 45, 20, 7435336.5, '61055d3feac17', 3, '2021-07-31'),
(72, 3, 4000, 55, 0, 17160407, '61055d3feac17', 3, '2021-07-31'),
(73, 6, 1000, 220, 60, 17256228, '61055d3feac17', 3, '2021-07-31'),
(74, 8, 1000, 195, 0, 12005311.5, '61055d3feac17', 3, '2021-07-31'),
(75, 1, 4500, 27, 20, 8577870.3, '61055daad9be5', 3, '2021-07-31'),
(76, 2, 2000, 45, 20, 7435336.5, '61055daad9be5', 3, '2021-07-31'),
(77, 3, 4000, 55, 0, 17160407, '61055daad9be5', 3, '2021-07-31'),
(78, 6, 1000, 220, 60, 17256228, '61055daad9be5', 3, '2021-07-31'),
(79, 8, 1000, 195, 0, 12005311.5, '61055daad9be5', 3, '2021-07-31'),
(80, 1, 4500, 27, 30, 8577870.3, '61055e084b8c4', 3, '2021-07-31'),
(81, 2, 2000, 45, 20, 7435336.5, '61055e084b8c4', 3, '2021-07-31'),
(82, 3, 4000, 55, 0, 17160407, '61055e084b8c4', 3, '2021-07-31'),
(83, 6, 1000, 220, 5.6536325940195, 17256228, '61055e084b8c4', 3, '2021-07-31'),
(84, 7, 1500, 180, 44.34636740598, 19875276, '61055e084b8c4', 3, '2021-07-31'),
(85, 1, 4500, 27, 30, 8577870.3, '6105645c87837', 3, '2021-07-31'),
(86, 2, 2000, 45, 20, 7435336.5, '6105645c87837', 3, '2021-07-31'),
(87, 3, 4000, 55, 0, 17160407, '6105645c87837', 3, '2021-07-31'),
(88, 6, 1000, 220, 50, 17256228, '6105645c87837', 3, '2021-07-31'),
(89, 8, 1000, 210, 0, 12928797, '6105645c87837', 3, '2021-07-31'),
(90, 1, 4500, 27, 30, 8577870.3, '610564ba59a3d', 4, '2021-07-31'),
(91, 2, 2000, 45, 43.985598324984, 7435336.5, '610564ba59a3d', 4, '2021-07-31'),
(92, 3, 4000, 55, 0, 17160407, '610564ba59a3d', 4, '2021-07-31'),
(93, 6, 1000, 220, 26.014401675016, 17256228, '610564ba59a3d', 4, '2021-07-31'),
(94, 8, 1000, 195, 0, 12005311.5, '610564ba59a3d', 4, '2021-07-31'),
(95, 1, 4500, 27, 30, 8577870.3, '6107edd04be56', 3, '2021-08-02'),
(96, 2, 2000, 45, 20, 7435336.5, '6107edd04be56', 3, '2021-08-02'),
(97, 3, 4000, 55, 0, 17160407, '6107edd04be56', 3, '2021-08-02'),
(98, 6, 1000, 220, 50, 17256228, '6107edd04be56', 3, '2021-08-02'),
(99, 8, 1000, 195, 0, 12005311.5, '6107edd04be56', 3, '2021-08-02'),
(100, 1, 4500, 27, 20, 8577870.3, '6114fc301914b', 3, '2021-08-12'),
(101, 2, 2000, 45, 42.646285744151, 7435336.5, '6114fc301914b', 3, '2021-08-12'),
(102, 3, 4000, 55, 0, 17160407, '6114fc301914b', 3, '2021-08-12'),
(103, 6, 1000, 220, 0, 17256228, '6114fc301914b', 3, '2021-08-12'),
(104, 8, 2000, 195, 47.353714255849, 31505311.5, '6114fc301914b', 3, '2021-08-12'),
(105, 1, 4500, 27, 20, 8577870.3, '611512b7ef796', 7, '2021-08-12'),
(106, 2, 2000, 45, 30, 7435336.5, '611512b7ef796', 7, '2021-08-12'),
(107, 3, 4000, 55, 0, 17160407, '611512b7ef796', 7, '2021-08-12'),
(108, 6, 1000, 220, 0, 17256228, '611512b7ef796', 7, '2021-08-12'),
(109, 8, 2000, 195, 40, 31505311.5, '611512b7ef796', 7, '2021-08-12'),
(110, 1, 4500, 27, 30, 8577870.3, '611512edf1b0e', 7, '2021-08-12'),
(111, 2, 2000, 45, 37.635841943112, 7435336.5, '611512edf1b0e', 7, '2021-08-12'),
(112, 3, 4000, 55, 0, 17160407, '611512edf1b0e', 7, '2021-08-12'),
(113, 6, 1000, 220, 0, 17256228, '611512edf1b0e', 7, '2021-08-12'),
(114, 8, 2000, 195, 60.767025340173, 31505311.5, '611512edf1b0e', 7, '2021-08-12'),
(115, 1, 45, 36, 12, -4600839.6, '61698bb3bd54a', 1, '2021-10-15'),
(116, 2, 45, 65, 15, -1967569.5, '61698bb3bd54a', 1, '2021-10-15'),
(117, 4, 4, 54, 0, -372907.8, '61698bb3bd54a', 1, '2021-10-15'),
(118, 5, 5, 41, 0, -2087162.4, '61698bb3bd54a', 1, '2021-10-15'),
(119, 8, 5, 14, 0, -531080.2, '61698bb3bd54a', 1, '2021-10-15'),
(120, 10, 5, 14, 0, -571118.8, '61698bb3bd54a', 1, '2021-10-15');

-- --------------------------------------------------------

--
-- Структура таблицы `user_posibility`
--

CREATE TABLE `user_posibility` (
  `id` int(11) NOT NULL,
  `place` double NOT NULL,
  `cotton_gektar` double NOT NULL,
  `wheat_gektar` double NOT NULL,
  `oil_litr` double NOT NULL,
  `water_tonna` double NOT NULL,
  `human_son` double NOT NULL,
  `session_id` varchar(50) NOT NULL,
  `user_id` int(11) NOT NULL,
  `work_date` datetime NOT NULL DEFAULT current_timestamp()
) ENGINE=InnoDB DEFAULT CHARSET=utf8;

--
-- Дамп данных таблицы `user_posibility`
--

INSERT INTO `user_posibility` (`id`, `place`, `cotton_gektar`, `wheat_gektar`, `oil_litr`, `water_tonna`, `human_son`, `session_id`, `user_id`, `work_date`) VALUES
(1, 200, 40, 30, 87000, 2100000, 102200, '61042d9de9453', 4, '2021-07-30'),
(2, 200, 40, 64.288029620385, 58310.826120354, 1660533.5726011, 102200, '61042d9de9453', 4, '2021-07-30'),
(3, 145, 20, 30, 70120, 2100000, 73000, '610431593e968', 4, '2021-07-30'),
(4, 145, 20, 49.749775835574, 42490.669496639, 1204356.4573521, 73000, '610431593e968', 4, '2021-07-30'),
(5, 123, 12, 12, 45000, 2000000, 131400, '610431a65b860', 4, '2021-07-30'),
(6, 123, 12, 12, 39333.6, 1133100, 127866.59446907, '610431a65b860', 4, '2021-07-30'),
(7, 50, 3, 3, 29000, 600000, 23360, '61044b868259e', 5, '2021-07-30'),
(8, 50, 3, 20.924212777225, 14266.943763721, 413270.10318107, 23360, '61044b868259e', 5, '2021-07-30'),
(9, 100, 30, 20, 1000, 980000, 93440, '610526ed1010b', 3, '2021-07-31'),
(10, 9.4285714285714, 30, 20, 1000, -366857.14285714, -7084.5717804773, '610526ed1010b', 3, '2021-07-31'),
(11, 100, 30, 20, 100000, 980000, 93440, '610528eb29135', 3, '2021-07-31'),
(12, 100, 30, 20, 30634, 837750, 57124.000172615, '610528eb29135', 3, '2021-07-31'),
(13, 100, 30, 20, 100000, 980000, 14600, '6105292a806b5', 3, '2021-07-31'),
(14, 0.68013633721802, 30, -29.319863662782, 3278.3639271818, 21771.05661344, 14600, '6105292a806b5', 3, '2021-07-31'),
(15, 100, 30, 20, 100000, 98000, 14600, '61052a77449b0', 3, '2021-07-31'),
(16, 14.726224783862, 30, 20, -1258.3919308357, 98000, -2908.7384741038, '61052a77449b0', 3, '2021-07-31'),
(17, 100, 30, 20, 45000, 987000, 87600, '61055c0659b34', 3, '2021-07-31'),
(18, 100, 30, 20, 29934, 974000, 75024.000506401, '61055c0659b34', 3, '2021-07-31'),
(19, 100, 30, 30, 45000, 1200000, 87600, '61055c91ec72f', 3, '2021-07-31'),
(20, 100, 30, 30, 28649, 828500, 51569.000046253, '61055c91ec72f', 3, '2021-07-31'),
(21, 100, 20, 20, 45000, 1200000, 146000, '61055d173fef1', 3, '2021-07-31'),
(22, 100, 20, 20, 31566, 841500, 57846.000380516, '61055d173fef1', 3, '2021-07-31'),
(23, 100, 20, 20, 45000, 1200000, 146000, '61055d3c4b5c6', 3, '2021-07-31'),
(24, 100, 20, 20, 31566, 841500, 57846.000380516, '61055d3c4b5c6', 3, '2021-07-31'),
(25, 100, 20, 20, 45000, 1200000, 146000, '61055d3d55597', 3, '2021-07-31'),
(26, 100, 20, 20, 31566, 841500, 57846.000380516, '61055d3d55597', 3, '2021-07-31'),
(27, 100, 20, 20, 45000, 1200000, 146000, '61055d3feac17', 3, '2021-07-31'),
(28, 100, 20, 20, 31566, 841500, 57846.000380516, '61055d3feac17', 3, '2021-07-31'),
(29, 100, 20, 20, 45000, 1200000, 146000, '61055daad9be5', 3, '2021-07-31'),
(30, 100, 20, 20, 31566, 841500, 57846.000380516, '61055daad9be5', 3, '2021-07-31'),
(31, 100, 30, 20, 45000, 987000, 73000, '61055e084b8c4', 3, '2021-07-31'),
(32, 100, 30, 20, 30013.150856316, 958593.8511813, 73000, '61055e084b8c4', 3, '2021-07-31'),
(33, 100, 30, 20, 45000, 1100000, 87600, '6105645c87837', 3, '2021-07-31'),
(34, 100, 30, 20, 30634, 837750, 57124.000172615, '6105645c87837', 3, '2021-07-31'),
(35, 100, 30, 20, 45000, 1100000, 43800, '610564ba59a3d', 4, '2021-07-31'),
(36, 100, 30, 43.985598324984, 25872.858732491, 815563.32154939, 43800, '610564ba59a3d', 4, '2021-07-31'),
(37, 100, 30, 20, 45000, 1100000, 61320, '6107edd04be56', 3, '2021-08-02'),
(38, 100, 30, 20, 30634, 837750, 57124.000172615, '6107edd04be56', 3, '2021-08-02'),
(39, 110, 20, 30, 62000, 1200000, 81760, '6114fc301914b', 3, '2021-08-12'),
(40, 110, 20, 42.646285744151, 24181.192283967, 1010296.5141931, 81760, '6114fc301914b', 3, '2021-08-12'),
(41, 90, 20, 30, 32000, 1000000, 75920, '611512b7ef796', 7, '2021-08-12'),
(42, 90, 20, 30, 20241, 832500, 70131.001217365, '611512b7ef796', 7, '2021-08-12'),
(43, 160, 30, 30, 65000, 1200000, 105120, '611512edf1b0e', 7, '2021-08-12'),
(44, 128.40286728329, 30, 37.635841943112, 29248.574190617, 1200000, 105120, '611512edf1b0e', 7, '2021-08-12'),
(45, 160, 12, 15, 36000, 21000000, 40880, '61698bb3bd54a', 1, '2021-10-15'),
(46, 27, 12, 15, 8295.3, 215850, 13326.299788713, '61698bb3bd54a', 1, '2021-10-15');

--
-- Индексы сохранённых таблиц
--

--
-- Индексы таблицы `oil`
--
ALTER TABLE `oil`
  ADD PRIMARY KEY (`id`);

--
-- Индексы таблицы `plants`
--
ALTER TABLE `plants`
  ADD PRIMARY KEY (`id`);

--
-- Индексы таблицы `users`
--
ALTER TABLE `users`
  ADD PRIMARY KEY (`user_id`);

--
-- Индексы таблицы `user_plants`
--
ALTER TABLE `user_plants`
  ADD PRIMARY KEY (`id`),
  ADD KEY `user_id` (`user_id`),
  ADD KEY `plant_id` (`plant_id`);

--
-- Индексы таблицы `user_posibility`
--
ALTER TABLE `user_posibility`
  ADD PRIMARY KEY (`id`),
  ADD KEY `user_id` (`user_id`);

--
-- AUTO_INCREMENT для сохранённых таблиц
--

--
-- AUTO_INCREMENT для таблицы `oil`
--
ALTER TABLE `oil`
  MODIFY `id` int(5) NOT NULL AUTO_INCREMENT, AUTO_INCREMENT=2;

--
-- AUTO_INCREMENT для таблицы `plants`
--
ALTER TABLE `plants`
  MODIFY `id` int(11) NOT NULL AUTO_INCREMENT, AUTO_INCREMENT=18;

--
-- AUTO_INCREMENT для таблицы `users`
--
ALTER TABLE `users`
  MODIFY `user_id` int(5) NOT NULL AUTO_INCREMENT, AUTO_INCREMENT=8;

--
-- AUTO_INCREMENT для таблицы `user_plants`
--
ALTER TABLE `user_plants`
  MODIFY `id` int(11) NOT NULL AUTO_INCREMENT, AUTO_INCREMENT=121;

--
-- AUTO_INCREMENT для таблицы `user_posibility`
--
ALTER TABLE `user_posibility`
  MODIFY `id` int(11) NOT NULL AUTO_INCREMENT, AUTO_INCREMENT=47;

--
-- Ограничения внешнего ключа сохраненных таблиц
--

--
-- Ограничения внешнего ключа таблицы `user_plants`
--
ALTER TABLE `user_plants`
  ADD CONSTRAINT `user_plants_ibfk_1` FOREIGN KEY (`user_id`) REFERENCES `users` (`user_id`),
  ADD CONSTRAINT `user_plants_ibfk_2` FOREIGN KEY (`plant_id`) REFERENCES `plants` (`id`);

--
-- Ограничения внешнего ключа таблицы `user_posibility`
--
ALTER TABLE `user_posibility`
  ADD CONSTRAINT `user_posibility_ibfk_1` FOREIGN KEY (`user_id`) REFERENCES `users` (`user_id`);
COMMIT;

/*!40101 SET CHARACTER_SET_CLIENT=@OLD_CHARACTER_SET_CLIENT */;
/*!40101 SET CHARACTER_SET_RESULTS=@OLD_CHARACTER_SET_RESULTS */;
/*!40101 SET COLLATION_CONNECTION=@OLD_COLLATION_CONNECTION */;
